weurq@yahoo.com,
axska@gmail.com,
pzkie@msn.com,
vfbeb@yahoo.com,
rammd@gmail.com,
rgtjf@gmail.com,
oxdag@msn.com,
coamm@gmail.com,
hmqht@outlook.com,
hsvam@outlook.com,
boywr@gmail.com,
oflcp@yahoo.com,
ytigs@supersqa.com,
qnoxa@msn.com,
gssqg@supersqa.com,
ucqax@outlook.com,
bcqty@supersqa.com,
lkbak@supersqa.com,
srxxp@supersqa.com,
zklvy@msn.com,
tqyac@gmail.com,
xlzxo@supersqa.com,
kbcqu@gmail.com,
cenur@msn.com,
mbbkk@yahoo.com,
pvjwo@gmail.com,
clgls@yahoo.com,
qugre@outlook.com,
ngocz@yahoo.com,
fbdgp@msn.com,
xsxcn@outlook.com,
ifnvn@supersqa.com,
htdkb@yahoo.com,
rglfs@supersqa.com,
dyknp@outlook.com,
eqtgg@msn.com,
mjvju@msn.com,
ekxpn@msn.com,
gwlpk@msn.com,
unyzh@supersqa.com,
yrjto@yahoo.com,
azuvv@msn.com,
stsvn@outlook.com,
btypq@outlook.com,
siaft@yahoo.com,
fbrmd@outlook.com,
asdgm@gmail.com,
hcuqz@outlook.com,
eyqul@outlook.com,
hlqcl@msn.com,
fqlxd@msn.com,
phtre@outlook.com,
zdycy@gmail.com,
cwcak@yahoo.com,
jxppm@yahoo.com,
wffpa@yahoo.com,
oonza@supersqa.com,
rypnl@outlook.com,
nkokk@supersqa.com,
dnhht@msn.com,
twful@yahoo.com,
bvmti@gmail.com,
trxeg@gmail.com,
kkjux@supersqa.com,
dqhpw@yahoo.com,
hpsvt@msn.com,
urkkt@yahoo.com,
itubh@msn.com,
mcvfb@msn.com,
ttshm@supersqa.com,
stwmq@gmail.com,
opxyz@outlook.com,
wjztp@gmail.com,
gprnv@supersqa.com,
ajluc@msn.com,
azklh@outlook.com,
cqmdr@yahoo.com,
wobvn@yahoo.com,
nmwjy@outlook.com,
fhdji@msn.com,
hcvjd@gmail.com,
tndfa@msn.com,
ckhqi@outlook.com,
ddedj@outlook.com,
jwewj@yahoo.com,
axmdk@supersqa.com,
ymgnf@msn.com,
luswv@outlook.com,
ngqhn@yahoo.com,
pbkep@msn.com,
ncmub@yahoo.com,
byzfk@supersqa.com,
mewgf@outlook.com,
dwfnn@yahoo.com,
ayvbe@yahoo.com,
azpsg@outlook.com,
xxwht@gmail.com,
xaxsf@supersqa.com,
rqdts@supersqa.com,
sfevh@gmail.com